{
  "season": 2025,
  "week": 7,
  "generated_at": "2025-10-18T01:19:55.297184",
  "players": [
    {
      "player_id": "00-0038597",
      "player_name": "Chase Brown",
      "team_abbr": "CIN",
      "position": "RB",
      "number": 30,
      "stats": {
        "rushing": {
          "efficiency": 2.26787037037037,
          "percent_attempts_gte_eight_defenders": 18.181818181818183,
          "avg_time_to_los": 2.7895454545454546,
          "rush_attempts": 11,
          "rush_yards": 108,
          "avg_rush_yards": 9.818181818181818,
          "rush_touchdowns": 0,
          "expected_rush_yards": 42.33672971770548,
          "rush_yards_over_expected": 65.66327028229452,
          "rush_yards_over_expected_per_att": 5.96938820748132,
          "rush_pct_over_expected": 0.7272727272727273
        }
      }
    },
    {
      "player_id": "00-0036900",
      "player_name": "Ja'Marr Chase",
      "team_abbr": "CIN",
      "position": "WR",
      "number": 1,
      "stats": {
        "receiving": {
          "avg_cushion": 5.764347826086956,
          "avg_separation": 3.9366488561050734,
          "avg_intended_air_yards": 6.544347826086958,
          "percent_share_of_intended_air_yards": 48.375381648722495,
          "receptions": 16,
          "targets": 23,
          "catch_percentage": 69.56521739130434,
          "yards": 161,
          "rec_touchdowns": 1,
          "avg_yac": 5.91,
          "avg_expected_yac": 5.187333471406699,
          "avg_yac_above_expectation": 0.7226665285933009
        }
      }
    },
    {
      "player_id": "00-0026158",
      "player_name": "Joe Flacco",
      "team_abbr": "CIN",
      "position": "QB",
      "number": 16,
      "stats": {
        "passing": {
          "avg_time_to_throw": 2.44431914893617,
          "avg_completed_air_yards": 5.364838709677418,
          "avg_intended_air_yards": 6.914444444444444,
          "avg_air_yards_differential": -1.5496057347670256,
          "aggressiveness": 10.638297872340424,
          "max_completed_air_distance": 35.6954731023417,
          "avg_air_yards_to_sticks": -1.9966666666666664,
          "attempts": 47,
          "pass_yards": 342,
          "pass_touchdowns": 3,
          "interceptions": 0,
          "passer_rating": 108.64361702127658,
          "completions": 31,
          "completion_percentage": 65.95744680851064,
          "expected_completion_percentage": 67.85404255319149,
          "completion_percentage_above_expectation": -1.896595744680852,
          "avg_air_distance": 20.043856391526347,
          "max_air_distance": 36.30290621975052
        }
      }
    },
    {
      "player_id": "00-0036410",
      "player_name": "Tee Higgins",
      "team_abbr": "CIN",
      "position": "WR",
      "number": 5,
      "stats": {
        "receiving": {
          "avg_cushion": 5.383000000000001,
          "avg_separation": 1.9785441622728783,
          "avg_intended_air_yards": 11.959,
          "percent_share_of_intended_air_yards": 38.43483850233007,
          "receptions": 6,
          "targets": 10,
          "catch_percentage": 60.0,
          "yards": 96,
          "rec_touchdowns": 1,
          "avg_yac": 5.794999999999999,
          "avg_expected_yac": 5.9478938218539765,
          "avg_yac_above_expectation": -0.1528938218539774
        }
      }
    },
    {
      "player_id": "00-0023459",
      "player_name": "Aaron Rodgers",
      "team_abbr": "PIT",
      "position": "QB",
      "number": 8,
      "stats": {
        "passing": {
          "avg_time_to_throw": 2.9055,
          "avg_completed_air_yards": 4.387391304347827,
          "avg_intended_air_yards": 8.675882352941175,
          "avg_air_yards_differential": -4.288491048593348,
          "aggressiveness": 2.941176470588235,
          "max_completed_air_distance": 47.531603170943015,
          "avg_air_yards_to_sticks": -0.1476470588235286,
          "attempts": 34,
          "pass_yards": 249,
          "pass_touchdowns": 4,
          "interceptions": 2,
          "passer_rating": 103.6764705882353,
          "completions": 23,
          "completion_percentage": 67.64705882352942,
          "expected_completion_percentage": 70.1191176470588,
          "completion_percentage_above_expectation": -2.4720588235293803,
          "avg_air_distance": 21.75316856959338,
          "max_air_distance": 69.76013546431801
        }
      }
    },
    {
      "player_id": "00-0035640",
      "player_name": "DK Metcalf",
      "team_abbr": "PIT",
      "position": "WR",
      "number": 4,
      "stats": {
        "receiving": {
          "avg_cushion": 6.364,
          "avg_separation": 2.3038668701257228,
          "avg_intended_air_yards": 16.058000000000003,
          "percent_share_of_intended_air_yards": 27.218794494542013,
          "receptions": 3,
          "targets": 5,
          "catch_percentage": 60.0,
          "yards": 50,
          "rec_touchdowns": 0,
          "avg_yac": 6.639999999999998,
          "avg_expected_yac": 8.71616257076433,
          "avg_yac_above_expectation": -2.0761625707643327
        }
      }
    },
    {
      "player_id": "00-0038558",
      "player_name": "Darnell Washington",
      "team_abbr": "PIT",
      "position": "TE",
      "number": 80,
      "stats": {
        "receiving": {
          "avg_cushion": 5.68,
          "avg_separation": 3.3563360982472785,
          "avg_intended_air_yards": 6.371999999999998,
          "percent_share_of_intended_air_yards": 10.800732253034102,
          "receptions": 3,
          "targets": 5,
          "catch_percentage": 60.0,
          "yards": 2,
          "rec_touchdowns": 1,
          "avg_yac": 0.6566666666666675,
          "avg_expected_yac": 5.424826151765653,
          "avg_yac_above_expectation": -4.768159485098986
        }
      }
    },
    {
      "player_id": "00-0037228",
      "player_name": "Jaylen Warren",
      "team_abbr": "PIT",
      "position": "RB",
      "number": 30,
      "stats": {
        "rushing": {
          "efficiency": 2.476377952755906,
          "percent_attempts_gte_eight_defenders": 6.25,
          "avg_time_to_los": 2.921625,
          "rush_attempts": 16,
          "rush_yards": 127,
          "avg_rush_yards": 7.9375,
          "rush_touchdowns": 0,
          "expected_rush_yards": 64.30172236744657,
          "rush_yards_over_expected": 62.69827763255343,
          "rush_yards_over_expected_per_att": 3.918642352034589,
          "rush_pct_over_expected": 0.6875
        }
      }
    },
    {
      "player_id": "00-0033858",
      "player_name": "Jonnu Smith",
      "team_abbr": "PIT",
      "position": "TE",
      "number": 81,
      "stats": {
        "receiving": {
          "avg_cushion": 5.3825,
          "avg_separation": 2.4721362334313977,
          "avg_intended_air_yards": 9.711666666666668,
          "percent_share_of_intended_air_yards": 19.753881619092827,
          "receptions": 3,
          "targets": 6,
          "catch_percentage": 50.0,
          "yards": 28,
          "rec_touchdowns": 1,
          "avg_yac": 1.6033333333333342,
          "avg_expected_yac": 1.656346324231966,
          "avg_yac_above_expectation": -0.0530129908986318
        }
      }
    },
    {
      "player_id": "00-0036894",
      "player_name": "Pat Freiermuth",
      "team_abbr": "PIT",
      "position": "TE",
      "number": 88,
      "stats": {
        "receiving": {
          "avg_cushion": 5.886,
          "avg_separation": 3.294331618780189,
          "avg_intended_air_yards": 8.924999999999999,
          "percent_share_of_intended_air_yards": 18.15377313716184,
          "receptions": 5,
          "targets": 6,
          "catch_percentage": 83.33333333333334,
          "yards": 111,
          "rec_touchdowns": 2,
          "avg_yac": 12.494,
          "avg_expected_yac": 3.327019512077584,
          "avg_yac_above_expectation": 9.166980487922416
        }
      }
    }
  ]
}